{
  "IsEncrypted": false,
  "Values": {
    "AzureWebJobsStorage": "DefaultEndpointsProtocol=https;AccountName=myblobstoragevashist;AccountKey=J6L9vFoxYXxh/WAsQeudidLxfWuoexTNcWN5xNcAtdicOmBhAQqT3rHMlWBi6uFZTE3/bCDaHhCV+ASts9Db3A==;EndpointSuffix=core.windows.net",
    "FUNCTIONS_WORKER_RUNTIME": "python",
    "AzureWebJobsSecretStorageType": "Files",
    "COSMOS_DB_URI": "https://vashisttask.documents.azure.com:443/",
    "COSMOS_DB_KEY": "31ZWk1MddzALKNQGl4v9lMWDpqBpjSJv5FOnJBBzZkW7tXi92UM2AN6HFYZdEcz1PAhfH0vUocOEACDbaH43og==",
    "COSMOS_DB_NAME": "DocumentDB",
    "COSMOS_CONTAINER_NAME": "Documents"
  }
}
